{
    "accuracy": 0.9808102345415778,
    "precision": 0.9761092150170648,
    "recall": 0.9930555555555556,
    "f1": 0.9845094664371773,
    "auc": 0.9962208410067526,
    "is_sample_only": false
}